Survived,Age,Embarked,Fare,Pclass,Sex,Family_Size,Honorific,Ticket_info,Deck
0,22,2,7,2,1,1,2,2,8
1,38,0,71,0,0,1,3,14,3
1,26,2,7,2,0,0,1,31,8
1,35,2,53,0,0,1,3,36,3
0,35,2,8,2,1,0,2,36,8
0,19,1,8,2,1,0,2,36,8
0,54,2,51,0,1,0,2,36,5
0,2,2,21,2,1,4,0,36,8
1,27,2,11,2,0,2,3,36,8
1,14,0,30,1,0,1,3,36,8
1,4,2,16,2,0,2,1,15,7
1,58,2,26,0,0,0,1,36,3
0,20,2,8,2,1,0,2,2,8
0,39,2,31,2,1,6,2,36,8
0,14,2,7,2,0,0,1,36,8
1,55,2,16,1,0,0,3,36,8
0,2,1,29,2,1,5,0,36,8
1,22,2,13,1,1,0,2,36,8
0,31,2,18,2,0,1,3,36,8
1,20,0,7,2,0,0,3,36,8
0,35,2,26,1,1,0,2,36,8
1,34,2,13,1,1,0,2,36,4
1,15,1,8,2,0,0,1,36,8
1,28,2,35,0,1,0,2,36,1
0,8,2,21,2,0,4,1,36,8
1,38,2,31,2,0,6,3,36,8
0,19,0,7,2,1,0,2,36,8
0,19,2,263,0,1,5,2,36,3
1,17,1,7,2,0,0,1,36,8
0,26,2,7,2,1,0,2,36,8
0,40,0,27,0,1,0,2,14,8
1,26,0,146,0,0,1,3,14,2
1,34,1,7,2,0,0,1,36,8
0,66,2,10,1,1,0,2,7,8
0,28,0,82,0,1,1,2,14,8
0,42,2,52,0,1,1,2,36,8
1,26,0,7,2,1,0,2,36,8
0,21,2,8,2,1,0,2,2,8
0,18,2,18,2,0,2,1,36,8
1,14,0,11,2,0,1,1,36,8
0,40,2,9,2,0,1,3,36,8
0,27,2,21,1,0,1,3,36,8
0,16,0,7,2,1,0,2,36,8
1,3,0,41,1,0,3,1,23,8
1,19,1,7,2,0,0,1,36,8
0,39,2,8,2,1,0,2,19,8
0,21,1,15,2,1,1,2,36,8
1,25,1,7,2,0,0,1,36,8
0,28,0,21,2,1,2,2,36,8
0,18,2,17,2,0,1,3,36,8
0,7,2,39,2,1,5,0,36,8
0,21,2,7,2,1,0,2,1,8
1,49,0,76,0,0,1,3,14,4
1,29,2,26,1,0,1,3,36,8
0,65,0,61,0,1,1,2,36,2
1,15,2,35,0,1,0,2,36,3
1,21,2,10,1,0,0,1,7,8
0,28,0,7,2,1,0,2,36,8
1,5,2,27,1,0,3,1,7,8
0,11,2,46,2,1,7,0,7,8
0,22,0,7,2,1,0,2,36,8
1,38,2,80,0,0,0,1,36,2
0,45,2,83,0,1,1,2,36,3
0,4,2,27,2,1,5,0,36,8
0,37,0,27,0,1,0,2,14,8
1,32,0,15,2,1,2,0,36,8
1,29,2,10,1,0,0,3,7,6
0,19,2,8,2,1,0,2,29,8
1,17,2,7,2,0,6,1,36,8
0,26,2,8,2,1,2,2,36,8
0,32,2,10,1,1,0,2,7,8
0,16,2,46,2,0,7,1,7,8
0,21,2,73,1,1,0,2,24,8
0,26,0,14,2,1,1,2,36,8
1,32,2,56,2,1,0,2,36,8
0,25,2,7,2,1,0,2,36,6
0,40,2,7,2,1,0,2,36,8
0,24,2,8,2,1,0,2,36,8
1,0,2,29,1,1,2,0,36,8
1,30,2,12,2,0,0,1,36,8
0,22,2,9,2,1,0,2,36,8
1,29,2,9,2,1,0,2,36,8
1,27,1,7,2,0,0,1,36,8
0,28,2,47,0,1,0,2,36,8
1,17,2,10,1,0,0,1,24,8
1,33,2,15,2,0,3,3,36,8
0,16,2,34,2,1,4,2,34,8
0,34,2,8,2,1,0,2,28,8
1,23,2,263,0,0,5,1,36,3
0,24,2,8,2,1,0,2,36,8
0,29,2,8,2,1,0,2,36,8
0,20,2,7,2,1,0,2,36,8
0,46,2,61,0,1,1,2,35,5
0,26,2,20,2,1,3,2,7,8
0,59,2,7,2,1,0,2,36,8
0,37,2,8,2,1,0,2,36,8
0,71,0,34,0,1,0,2,14,1
1,23,0,63,0,1,1,2,14,4
1,34,2,23,1,0,1,3,36,8
0,34,2,26,1,1,1,2,36,8
0,28,2,7,2,0,0,1,36,8
0,38,2,7,2,1,0,2,36,8
0,21,2,77,0,1,1,2,36,4
0,33,2,8,2,1,0,2,36,8
0,37,2,7,2,1,2,2,36,8
0,28,2,7,2,1,0,2,36,8
1,21,2,7,2,0,0,1,36,8
1,29,2,7,2,1,0,2,36,8
0,38,2,7,2,1,0,2,36,8
1,42,1,24,2,0,1,1,36,8
0,47,2,52,0,1,0,2,36,3
0,14,0,14,2,0,1,1,36,8
0,22,2,8,2,1,0,2,36,8
0,20,2,9,2,0,1,1,36,8
0,17,0,14,2,0,0,1,36,8
0,21,2,7,2,1,0,2,30,8
0,70,1,7,2,1,0,2,36,8
0,29,2,21,1,1,1,2,36,8
0,24,0,247,0,1,1,2,14,2
0,2,2,31,2,0,6,1,36,8
0,21,2,73,1,1,2,2,24,8
0,40,2,8,2,1,0,2,1,8
0,32,0,30,1,1,1,2,36,8
1,32,2,13,1,0,0,1,36,5
0,54,2,77,0,1,1,2,36,4
1,12,0,11,2,1,1,0,36,8
0,24,1,7,2,1,0,2,36,8
1,24,2,7,2,1,0,2,6,8
1,35,0,22,2,0,2,1,36,6
0,45,2,6,2,1,0,2,36,8
0,33,0,7,2,1,0,2,36,8
0,20,2,7,2,1,0,2,28,8
0,47,2,14,2,0,1,3,2,8
1,29,2,26,1,0,1,3,36,8
0,25,2,13,1,1,0,2,7,8
0,23,0,15,1,1,0,2,22,8
1,19,2,26,0,0,2,1,36,4
0,37,2,53,0,1,1,2,36,3
0,16,2,9,2,1,0,2,36,8
0,24,0,79,0,1,0,2,14,2
0,35,0,15,2,0,2,3,36,8
1,22,2,7,2,0,0,1,36,8
1,24,2,15,2,0,1,3,31,8
0,19,1,6,2,1,0,2,36,8
0,18,2,11,1,1,0,2,36,8
0,19,2,36,1,1,2,2,7,8
1,27,2,7,2,1,0,2,36,8
0,9,2,34,2,0,4,1,34,8
0,36,2,26,1,1,2,2,36,6
0,42,2,13,1,1,0,2,36,8
0,51,2,12,1,1,0,2,25,8
1,22,2,66,0,0,1,3,36,3
0,55,2,8,2,1,0,2,2,8
0,40,2,14,2,1,2,2,2,8
0,23,2,7,2,1,0,2,11,8
0,51,0,61,0,1,1,2,14,8
1,16,1,7,2,0,0,1,36,8
0,30,2,8,2,1,0,2,28,8
0,28,2,8,2,1,0,2,36,8
0,41,2,69,2,1,10,0,7,8
0,44,2,16,2,1,1,2,36,8
1,40,2,15,1,0,0,3,7,8
0,26,2,7,2,1,0,2,36,8
0,17,2,8,2,1,0,2,36,8
0,1,2,39,2,1,5,0,36,8
1,9,2,20,2,1,2,0,36,8
1,40,2,55,0,0,1,3,36,5
0,45,2,27,2,0,5,3,36,8
0,18,2,25,0,1,0,2,14,8
0,28,2,56,2,1,0,2,36,8
0,61,2,33,0,1,0,2,36,2
0,4,1,29,2,1,5,0,36,8
1,1,2,11,2,0,2,1,36,8
0,21,2,7,2,1,0,2,30,8
0,56,0,30,0,1,0,2,36,1
0,18,2,7,2,1,2,2,36,8
0,42,2,25,2,1,4,0,36,8
0,50,0,28,0,0,0,1,14,3
0,30,2,13,1,1,0,2,36,8
0,36,2,0,2,1,0,2,12,8
0,38,2,69,2,0,10,1,7,8
0,18,0,15,1,1,0,2,22,8
0,9,2,31,2,1,6,0,36,8
1,1,2,39,1,1,3,0,36,6
1,4,2,22,2,0,2,1,36,8
0,21,2,50,0,1,0,2,36,1
1,19,1,15,2,0,1,3,36,8
1,45,2,26,0,1,0,2,36,8
0,40,1,15,2,1,2,2,36,8
0,36,2,7,2,1,0,2,36,8
1,32,2,13,1,0,0,3,36,8
0,19,2,13,1,1,0,2,36,8
1,19,2,7,2,0,1,1,36,8
1,3,2,26,1,1,2,0,36,6
1,44,0,27,0,0,0,3,14,2
1,58,0,146,0,0,0,1,14,2
0,18,1,7,2,1,0,2,36,8
0,42,2,8,2,1,1,2,36,8
1,33,1,7,2,0,0,1,36,8
0,24,2,13,1,0,0,1,36,8
0,28,2,9,2,1,0,2,36,8
0,18,2,69,2,1,10,2,7,8
0,34,2,6,2,1,0,2,36,8
0,45,0,7,2,1,0,2,36,8
1,18,2,8,2,1,0,2,2,8
0,2,2,10,2,0,1,1,36,7
0,32,2,15,2,1,1,2,36,8
1,26,0,18,2,1,0,2,36,8
1,16,1,7,2,0,0,1,36,8
1,40,0,31,0,1,0,2,36,1
0,24,2,7,2,1,0,2,28,8
1,35,2,21,1,0,0,1,10,8
0,22,2,7,2,1,0,2,2,8
0,30,2,13,1,1,0,2,36,8
0,41,1,7,2,1,1,2,36,8
1,31,0,113,0,0,1,1,36,4
1,27,2,7,2,0,0,1,31,8
0,42,2,27,1,1,1,2,36,8
1,32,0,76,0,0,0,1,36,4
0,30,2,10,1,1,0,2,34,8
1,16,2,8,2,1,0,2,28,8
0,27,2,13,1,1,0,2,36,8
0,51,2,8,2,1,0,2,36,8
0,30,2,7,2,1,0,2,36,8
1,38,2,90,0,1,1,2,36,3
0,22,2,9,2,1,0,2,15,8
1,19,2,10,1,1,0,2,33,8
0,20,2,7,2,1,0,2,2,8
0,18,2,13,1,1,0,2,36,8
0,21,2,25,2,0,4,1,36,8
1,35,2,83,0,0,1,3,36,3
0,29,2,7,2,1,0,2,36,8
0,59,2,13,1,1,0,2,36,8
1,5,2,31,2,0,6,1,36,8
0,24,2,10,1,1,0,2,7,8
0,32,2,7,2,0,0,1,34,8
0,44,2,26,1,1,1,2,36,8
1,8,2,26,1,0,2,1,7,8
0,19,2,10,1,1,0,2,36,8
0,33,2,12,1,1,0,2,21,8
0,22,0,14,2,0,1,1,36,8
1,42,1,15,2,0,1,1,36,8
0,29,2,10,1,1,0,2,34,8
0,22,2,7,2,1,0,2,30,8
0,30,0,7,2,1,0,2,36,8
0,44,1,90,0,1,2,2,36,3
0,25,2,7,2,0,0,1,36,8
1,24,2,14,1,0,2,3,36,8
1,37,2,52,0,1,2,2,36,4
0,54,2,26,1,1,1,2,36,8
0,19,2,7,2,1,0,2,36,8
0,29,2,10,2,0,2,3,36,7
0,62,2,26,0,1,0,2,36,3
0,30,2,16,2,1,1,2,2,8
0,41,2,20,2,0,2,3,36,8
1,29,0,15,2,0,2,3,36,8
1,32,0,79,0,0,0,3,14,8
1,30,2,86,0,0,0,1,36,2
1,35,0,512,0,0,0,1,14,8
1,50,2,26,1,0,1,3,36,8
0,40,1,7,2,1,0,2,36,8
1,3,2,31,2,1,6,0,36,8
0,52,2,79,0,1,2,2,36,5
0,40,2,0,0,1,0,2,36,2
0,21,1,7,2,0,0,1,36,8
0,36,2,10,1,1,0,2,7,8
0,16,2,39,2,1,5,2,36,8
1,25,2,7,2,1,1,2,36,8
1,58,2,153,0,0,1,3,14,3
1,35,2,135,0,0,0,1,14,3
0,21,2,31,0,1,0,2,36,8
1,25,2,0,2,1,0,2,12,8
1,41,2,19,1,0,1,3,36,8
0,37,0,29,0,1,1,2,14,3
1,16,1,7,2,0,0,1,36,8
1,63,2,77,0,0,1,1,36,4
0,45,2,7,2,0,0,1,36,8
0,20,2,0,1,1,0,2,36,8
0,7,1,29,2,1,5,0,36,8
1,35,2,20,2,0,2,3,7,8
0,65,1,7,2,1,0,2,36,8
0,28,2,7,2,1,0,2,36,8
0,16,2,9,2,1,0,2,36,8
1,19,2,8,2,1,0,2,2,8
0,34,2,26,0,1,0,2,36,1
0,33,0,8,2,1,0,2,36,8
1,30,2,9,2,1,0,2,36,8
0,22,2,7,2,1,0,2,36,8
1,42,2,13,1,1,0,2,36,8
1,22,1,7,2,0,0,1,36,8
1,26,2,78,0,0,0,1,36,8
1,19,0,91,0,0,1,3,36,2
0,36,0,12,1,1,0,2,23,4
0,24,2,8,2,0,0,1,36,8
0,24,2,7,2,1,0,2,36,8
0,16,0,27,0,1,0,2,14,8
0,23,0,7,2,1,0,2,36,8
0,2,2,151,0,0,3,1,36,3
1,28,2,30,0,1,0,2,36,3
1,50,0,247,0,0,1,3,14,2
1,41,1,7,2,0,0,1,36,8
1,27,1,23,2,1,2,2,36,8
0,19,2,0,2,1,0,2,12,8
1,25,1,12,1,0,0,1,36,5
0,22,2,8,2,1,0,2,2,8
1,0,2,151,0,1,3,0,36,3
1,26,0,110,0,0,0,1,36,8
1,17,0,108,0,0,1,3,14,3
0,30,0,24,1,1,1,2,16,8
1,30,0,56,0,0,0,1,14,5
1,24,0,83,0,0,0,1,36,3
1,18,0,262,0,0,4,1,14,2
0,26,2,26,1,0,2,3,36,8
0,28,2,7,2,1,0,2,36,8
0,43,2,26,1,1,2,2,10,8
1,26,2,7,2,0,0,1,36,8
1,24,2,26,1,0,1,3,36,8
0,54,2,14,1,1,0,2,36,8
1,31,2,164,0,0,2,1,36,3
1,40,0,134,0,0,2,3,36,5
0,22,2,7,2,1,0,2,2,8
0,27,2,7,2,1,0,2,36,8
1,30,1,12,1,0,0,1,36,8
1,22,2,29,1,0,2,3,36,8
0,15,2,69,2,1,10,2,7,8
1,36,0,135,0,0,0,1,14,3
0,61,2,6,2,1,0,2,36,8
1,36,2,13,1,0,0,3,36,4
1,31,2,20,2,0,2,3,36,8
1,16,0,57,0,0,1,1,36,2
1,21,1,23,2,0,2,1,36,8
0,45,2,28,0,1,0,2,36,3
0,38,2,153,0,1,1,2,14,3
0,16,2,18,2,1,2,2,36,8
1,21,2,133,0,0,1,3,14,8
0,21,2,7,2,1,0,2,36,8
0,29,2,66,0,1,1,2,36,3
1,41,0,134,0,0,0,1,36,5
1,45,2,8,2,1,0,2,36,8
0,45,2,35,0,1,0,2,36,0
1,2,2,26,1,1,2,0,36,6
1,24,2,263,0,0,5,1,36,3
0,28,2,13,1,1,0,2,36,8
0,25,2,13,1,1,0,2,36,8
0,36,2,13,1,1,0,2,36,8
1,24,2,13,1,0,0,1,36,6
1,40,2,13,1,0,0,1,36,8
1,15,2,16,2,0,1,3,36,8
1,3,2,15,2,1,2,0,7,8
0,42,2,8,2,1,0,2,36,8
0,23,2,9,2,1,0,2,36,8
0,15,2,35,0,1,0,2,36,3
0,15,0,7,2,1,2,2,36,8
0,25,2,17,2,1,1,2,36,8
0,25,0,7,2,1,0,2,36,8
0,28,2,9,2,1,0,2,36,8
1,22,2,55,0,0,1,1,36,5
0,38,2,13,1,0,0,1,36,8
1,27,1,7,2,0,0,1,36,8
1,38,1,7,2,0,0,1,36,8
0,40,2,27,2,1,5,2,36,8
0,29,0,27,1,1,1,2,22,8
0,45,0,14,2,0,1,3,36,8
0,35,2,7,2,1,0,2,28,8
0,23,1,15,2,1,1,2,36,8
0,30,2,7,2,1,0,2,6,8
1,60,0,75,0,0,1,3,36,4
1,18,0,7,2,0,0,3,36,8
1,35,1,7,2,0,0,1,36,8
1,24,0,69,0,0,0,3,14,2
1,25,0,55,0,1,1,2,36,5
0,18,2,6,2,1,1,2,36,8
0,19,2,8,2,1,0,2,36,8
0,22,0,135,0,1,0,2,14,8
0,3,2,21,2,0,4,1,36,8
1,41,0,82,0,0,1,3,14,8
1,22,2,7,2,0,0,1,6,8
0,27,0,211,0,1,2,2,36,3
0,20,0,4,2,1,0,2,36,8
0,19,2,7,2,1,0,2,36,8
1,42,0,227,0,0,0,1,14,8
1,1,0,15,2,0,2,1,36,8
0,32,2,7,2,1,0,2,30,8
1,35,2,52,0,0,1,3,36,8
0,36,2,7,2,1,0,2,36,8
0,18,2,73,1,1,0,2,24,8
0,1,2,46,2,1,7,0,7,8
1,36,2,13,1,0,0,1,36,8
0,20,1,7,2,1,0,2,36,8
1,17,0,12,1,0,0,1,17,8
1,36,2,120,0,1,3,2,36,2
1,21,2,7,2,1,0,2,36,8
0,28,2,7,2,1,2,2,36,8
1,23,0,113,0,0,1,1,36,4
1,24,2,16,2,0,2,3,15,7
0,22,2,7,2,1,0,2,36,8
0,31,2,7,2,0,0,1,36,8
0,46,2,26,1,1,0,2,36,8
0,23,2,10,1,1,0,2,36,8
1,28,2,12,1,0,0,3,36,8
1,39,2,7,2,1,0,2,30,8
0,26,2,8,2,1,0,2,36,8
0,21,2,9,2,0,1,1,36,8
0,28,2,15,2,1,1,2,31,8
0,20,2,8,2,0,0,1,36,8
0,34,2,21,1,1,1,2,36,8
0,51,2,7,2,1,0,2,36,8
1,3,2,18,1,1,2,0,36,8
0,21,2,7,2,1,0,2,36,8
0,26,2,25,2,0,4,1,36,8
0,39,2,7,2,1,0,2,36,8
0,17,1,6,2,1,0,2,36,8
1,33,1,90,0,0,1,1,36,3
0,38,2,0,1,1,0,2,36,8
1,44,2,7,2,1,0,2,30,8
0,33,2,8,2,0,0,3,36,8
1,34,2,32,1,0,2,3,36,8
1,18,2,13,1,0,2,1,36,8
0,30,2,13,1,1,0,2,36,8
0,10,2,24,2,0,2,1,36,8
0,37,0,7,2,1,0,2,36,8
0,21,1,7,2,1,0,2,2,8
0,29,2,7,2,1,0,2,36,8
0,28,2,14,2,0,2,3,36,8
0,18,2,20,2,1,2,2,36,8
0,33,2,7,2,1,0,2,1,8
1,28,2,26,1,0,1,3,36,8
1,19,2,26,1,0,0,1,36,8
0,21,1,7,2,1,0,2,36,8
1,32,2,8,2,1,0,2,28,5
1,28,2,26,0,1,0,2,36,3
1,38,2,16,2,0,1,3,36,8
1,42,2,26,1,0,1,3,20,8
0,17,2,7,2,1,0,2,30,8
0,50,2,55,0,1,1,2,36,5
1,14,2,120,0,0,3,1,36,2
0,21,2,34,2,0,4,1,34,8
1,24,2,18,1,0,5,3,36,8
0,64,2,263,0,1,5,2,36,3
0,31,2,10,1,1,0,2,7,8
1,45,2,26,1,0,2,3,10,8
0,20,2,9,2,1,0,2,36,8
0,25,2,7,2,1,1,2,36,8
1,28,2,13,1,0,0,1,36,8
1,42,2,8,2,1,0,2,36,8
1,4,2,81,0,1,2,0,36,1
1,13,2,19,1,0,1,1,36,8
1,34,2,26,0,1,0,2,36,8
1,5,0,19,2,0,3,1,36,8
1,52,2,30,0,1,0,2,36,3
0,36,2,27,1,1,3,2,7,8
0,19,2,19,2,1,1,2,36,8
0,30,0,27,0,1,0,2,36,3
1,49,0,89,0,1,1,2,36,3
0,26,2,8,2,1,0,2,2,8
1,29,0,7,2,1,0,2,36,8
0,65,2,26,0,1,0,2,36,5
1,15,2,51,0,0,1,3,36,4
1,50,2,10,1,0,0,1,10,8
0,25,1,7,2,1,0,2,36,8
1,48,2,26,0,1,0,2,36,5
0,34,2,8,2,1,0,2,36,8
0,47,2,38,0,1,0,2,36,5
0,48,2,13,1,1,0,2,36,8
0,40,2,8,2,1,0,2,5,8
0,38,2,7,2,1,0,2,28,8
0,24,2,0,1,1,0,2,36,8
0,56,2,26,0,1,0,2,36,8
0,17,1,7,2,1,0,2,36,8
1,0,0,19,2,0,3,1,36,8
0,41,2,7,2,1,0,2,36,8
0,38,2,8,2,1,0,2,36,8
1,33,2,27,1,0,3,3,7,8
1,23,0,13,1,0,0,3,20,4
0,22,2,9,2,0,0,1,36,8
0,18,2,52,0,1,0,2,36,1
0,34,2,21,1,1,1,2,36,8
0,29,2,7,2,1,1,2,36,8
0,22,2,7,2,1,0,2,36,8
1,2,2,12,2,0,1,1,36,8
0,9,2,46,2,1,7,0,7,8
0,33,2,0,1,1,0,2,36,8
0,50,2,8,2,1,0,2,2,8
1,63,2,9,2,0,0,3,36,8
1,25,0,91,0,1,1,2,36,2
0,28,2,25,2,0,4,1,36,8
1,35,2,90,0,0,1,3,36,3
0,58,0,29,0,1,0,2,36,2
0,30,2,8,2,1,0,2,2,8
1,9,2,15,2,1,2,0,7,8
0,19,2,19,2,1,1,2,36,8
0,21,2,7,2,1,0,2,28,8
0,55,2,30,0,1,0,2,36,3
0,71,0,49,0,1,0,2,14,8
0,21,2,8,2,1,0,2,1,8
0,36,0,14,2,1,0,2,36,8
1,54,0,78,0,0,1,1,36,4
0,32,2,15,2,1,0,2,7,8
0,25,2,151,0,0,3,3,36,3
0,24,2,7,2,1,0,2,36,8
0,17,2,8,2,1,0,2,36,8
0,21,1,7,2,0,0,1,36,8
0,36,1,7,2,0,0,1,36,8
0,37,2,9,2,0,0,1,36,8
1,16,2,86,0,0,0,1,36,2
0,18,0,108,0,1,1,2,14,3
1,33,2,26,1,0,2,3,36,8
1,37,2,26,0,1,0,2,36,8
0,28,2,22,2,1,0,2,6,8
1,26,2,56,2,1,0,2,36,8
1,29,1,7,2,1,0,2,36,8
0,35,2,8,2,1,0,2,28,8
1,36,2,26,0,1,0,2,14,5
1,54,0,59,0,0,1,3,14,8
0,24,2,7,2,1,0,2,36,8
0,47,2,34,0,1,0,2,36,4
1,34,2,10,1,0,0,3,7,6
0,19,1,24,2,1,0,2,36,8
1,36,2,26,1,0,1,3,36,8
0,32,2,7,2,1,0,2,36,8
1,30,2,93,0,0,0,1,36,2
0,22,2,7,2,1,0,2,36,8
0,19,0,7,2,1,0,2,36,8
1,44,0,57,0,0,1,3,36,2
0,41,0,7,2,1,0,2,36,8
0,40,1,7,2,1,0,2,36,8
1,50,2,10,1,0,0,1,34,8
0,37,2,221,0,1,0,2,14,3
0,39,2,7,2,1,0,2,36,8
0,23,2,11,1,1,3,2,36,8
1,2,2,26,1,0,2,1,36,8
0,34,0,7,2,1,0,2,36,8
0,17,0,7,2,1,2,2,36,8
1,40,0,22,2,0,2,3,36,8
0,30,2,8,2,0,0,1,36,8
1,7,2,26,1,0,2,1,10,8
0,45,2,26,0,1,0,2,36,2
1,30,0,106,0,0,0,1,14,8
0,20,2,14,2,1,0,2,36,8
1,22,0,49,0,0,2,1,36,2
1,36,2,71,0,0,2,1,35,2
0,9,2,31,2,0,6,1,36,8
0,11,2,31,2,0,6,1,36,8
1,32,2,26,1,1,1,2,36,8
0,50,0,106,0,1,1,2,14,3
0,64,2,26,0,1,0,2,36,8
1,19,2,26,1,0,1,3,36,8
1,15,0,13,1,1,0,2,22,8
0,33,2,20,2,1,2,2,36,8
1,8,2,36,1,1,2,0,7,8
1,17,0,110,0,1,2,2,36,3
0,27,2,26,1,1,0,2,36,8
0,29,1,7,2,1,0,2,36,8
1,22,0,7,2,1,0,2,36,8
1,22,2,7,2,0,0,1,36,8
0,62,2,26,0,1,0,2,36,8
1,48,0,39,0,0,1,3,36,1
0,30,0,227,0,1,0,2,14,8
1,39,2,79,0,0,2,3,36,5
1,36,2,17,2,0,1,3,36,8
0,20,1,7,2,1,0,2,36,8
0,40,2,7,2,1,0,2,36,8
0,28,2,13,1,1,0,2,36,8
0,33,2,8,2,1,0,2,28,8
0,38,2,8,2,0,0,1,28,8
0,24,2,24,2,1,2,2,1,8
0,19,2,7,2,1,0,2,36,8
0,29,2,21,2,0,4,3,36,8
0,42,0,7,2,1,0,2,36,8
1,32,2,7,2,1,0,2,36,8
1,62,2,10,1,1,0,2,33,8
1,53,2,51,0,0,2,3,36,3
1,36,2,26,0,1,0,2,14,5
1,39,1,7,2,0,0,1,36,8
0,16,2,8,2,1,0,2,1,8
0,19,2,14,2,1,0,2,36,8
1,34,2,13,1,0,0,1,36,8
1,39,2,55,0,0,1,3,36,5
0,40,0,14,2,0,1,3,36,8
1,32,2,7,2,1,0,2,30,8
1,25,2,30,1,0,2,1,36,8
1,39,0,110,0,0,2,3,36,3
0,54,2,26,1,1,0,2,36,8
0,36,0,40,0,1,0,2,36,1
0,20,0,8,2,1,0,2,36,8
1,18,2,79,0,0,2,1,36,5
0,47,2,15,1,1,0,2,36,8
1,60,0,79,0,1,2,2,36,2
0,22,2,8,2,1,0,2,36,8
0,34,2,8,2,1,0,2,2,8
0,35,2,7,2,1,0,2,30,8
1,52,0,78,0,0,1,3,36,4
0,47,2,7,2,1,0,2,2,8
0,28,1,7,2,0,2,1,36,8
0,37,2,26,1,1,1,2,20,8
0,36,2,24,2,1,2,2,36,8
1,31,2,33,1,0,0,1,36,8
0,49,2,0,2,1,0,2,12,8
0,23,0,7,2,1,0,2,36,8
1,49,0,56,0,1,1,2,14,1
1,24,2,27,1,0,3,3,36,8
0,28,2,7,2,1,0,2,36,8
0,20,2,42,0,1,0,2,36,8
0,44,2,8,2,1,0,2,36,8
1,35,0,26,0,1,0,2,36,8
0,36,2,15,2,1,1,2,36,8
0,30,2,7,2,1,0,2,36,8
1,27,2,30,0,1,0,2,36,8
1,22,0,41,1,0,3,3,23,8
1,40,2,153,0,0,0,1,14,3
0,39,2,31,2,0,6,3,36,8
0,17,2,7,2,1,0,2,28,8
1,34,1,15,2,0,1,1,36,8
0,41,1,7,2,1,0,2,36,8
0,35,2,8,2,1,0,2,36,8
1,24,2,65,1,0,3,1,36,8
0,34,2,14,2,1,2,2,36,8
0,26,2,16,2,0,1,3,2,8
1,4,2,39,1,0,3,1,36,6
0,26,2,10,1,1,0,2,36,8
0,27,0,14,2,1,1,2,36,8
1,42,2,52,0,1,1,2,36,4
1,20,0,15,2,1,2,2,36,8
0,21,2,7,2,1,0,2,36,8
0,21,2,16,2,1,0,2,36,8
0,61,2,32,0,1,0,2,36,4
0,57,1,12,1,1,0,2,36,8
1,21,2,77,0,0,0,1,36,4
0,26,2,7,2,1,0,2,36,8
0,41,1,7,2,1,0,2,36,8
1,80,2,30,0,1,0,2,36,1
0,51,2,7,2,1,0,2,36,8
1,32,0,30,0,1,0,2,36,2
0,30,2,0,0,1,0,2,36,8
0,9,2,27,2,0,5,1,36,8
1,28,2,13,1,0,0,1,36,8
0,32,2,7,2,1,0,2,30,8
0,31,2,26,1,1,2,2,7,8
0,41,2,39,2,0,5,3,36,8
0,28,2,16,2,1,1,2,36,8
0,20,2,7,2,1,0,2,36,8
1,24,0,69,0,0,0,1,14,2
0,2,2,27,2,0,5,1,36,8
1,26,2,56,2,1,0,2,36,8
1,0,0,19,2,0,3,1,36,8
1,48,0,76,0,1,1,2,14,4
0,19,2,7,2,1,0,2,36,8
1,56,0,35,0,1,0,2,36,1
0,33,2,7,2,1,0,2,26,8
1,23,2,7,2,0,0,1,7,8
0,42,2,7,2,1,0,2,36,8
1,18,2,23,1,0,1,1,36,8
0,21,2,8,2,1,0,2,36,8
1,34,1,7,2,0,0,1,36,8
0,18,1,6,2,0,0,1,36,8
0,24,2,73,1,1,2,2,24,8
0,27,2,7,2,1,0,2,36,8
0,32,1,15,2,0,2,3,36,8
0,23,2,13,1,1,0,2,36,8
0,58,0,113,0,1,2,2,36,4
1,50,2,133,0,1,2,2,14,8
0,40,0,7,2,1,0,2,36,8
0,47,2,25,0,1,0,2,36,5
0,36,2,7,2,1,0,2,36,8
1,20,2,7,2,1,1,2,30,8
0,32,2,73,1,1,2,2,24,8
0,25,2,13,1,1,0,2,36,8
0,18,2,7,2,1,0,2,36,8
0,43,2,8,2,1,0,2,2,8
1,25,2,52,0,0,1,3,36,3
1,40,2,39,1,0,2,3,36,8
0,31,2,52,0,1,1,2,9,2
0,70,2,10,1,1,0,2,7,8
1,31,2,13,1,1,0,2,36,8
0,33,2,0,1,1,0,2,36,8
0,18,2,7,2,1,0,2,36,8
0,24,2,8,2,1,0,2,36,8
1,18,2,9,2,0,0,1,36,8
0,43,2,46,2,0,7,3,7,8
1,36,0,512,0,1,1,2,14,2
0,19,1,8,2,0,0,1,36,8
1,27,0,76,0,1,0,2,14,4
0,20,2,9,2,1,0,2,36,8
0,14,2,46,2,1,7,2,7,8
0,60,2,39,1,1,2,2,36,8
0,25,0,41,1,1,3,2,23,8
0,14,2,39,2,1,5,2,36,8
0,19,2,10,2,1,0,2,36,8
0,18,2,7,2,1,0,2,36,8
1,15,2,211,0,0,1,1,36,2
1,31,2,57,0,1,1,2,36,2
1,4,0,13,2,0,1,1,36,8
1,37,2,56,2,1,0,2,36,8
0,25,0,7,2,1,0,2,36,8
0,60,2,26,0,1,0,2,36,8
0,52,2,13,1,1,0,2,36,8
0,44,2,8,2,1,0,2,36,8
1,28,1,7,2,0,0,1,36,8
0,49,0,110,0,1,2,2,36,3
0,42,2,7,2,1,0,2,36,6
1,18,0,227,0,0,1,3,14,3
1,35,2,26,0,1,0,2,14,5
0,18,0,14,2,0,1,1,36,8
0,25,1,7,2,1,0,2,36,8
0,26,2,7,2,1,1,2,36,8
0,39,2,26,1,1,0,2,36,8
1,45,2,13,1,0,0,3,36,8
1,42,2,26,0,1,0,2,14,5
1,22,2,151,0,0,0,1,36,8
1,39,0,15,2,1,2,0,36,8
1,24,0,49,0,0,0,1,14,3
0,26,2,26,0,1,0,2,36,3
1,48,2,52,0,1,1,2,36,3
0,29,2,9,2,1,0,2,36,8
0,52,2,13,1,1,0,2,36,8
0,19,2,7,2,1,0,2,36,6
1,38,0,227,0,0,0,1,14,3
1,27,2,10,1,0,0,1,36,5
0,21,1,15,2,1,0,2,36,8
0,33,2,7,2,1,0,2,36,8
1,6,2,33,1,0,1,1,36,8
0,17,2,7,2,1,1,2,36,8
0,34,2,13,1,1,0,2,36,8
0,50,2,13,1,1,0,2,36,8
1,27,2,53,0,1,1,2,36,5
0,20,2,8,2,1,0,2,36,8
1,30,2,21,1,0,3,3,36,8
1,24,1,7,2,0,0,1,36,8
0,25,2,26,1,1,1,2,36,8
0,25,2,7,2,0,1,1,31,8
1,29,2,211,0,0,0,1,36,2
0,11,0,18,2,1,0,2,36,8
0,41,2,0,1,1,0,2,36,8
0,23,2,13,1,1,0,2,36,8
0,23,2,13,1,1,0,2,36,8
0,28,2,16,2,1,0,2,36,8
0,48,2,34,2,0,4,3,34,8
1,35,0,512,0,1,0,2,14,2
0,22,2,7,2,1,0,2,36,8
0,37,2,7,2,1,0,2,36,8
1,34,2,30,0,1,0,2,36,4
0,36,2,78,0,1,1,2,36,3
1,21,0,262,0,0,4,1,14,2
0,24,2,16,2,1,1,2,36,8
1,31,2,7,2,1,0,2,30,8
0,70,2,71,0,1,2,2,35,2
0,16,2,20,2,1,2,2,7,8
1,30,2,13,1,0,0,1,36,8
0,19,2,53,0,1,1,2,36,4
0,31,1,7,2,1,0,2,36,8
1,4,2,23,1,0,2,1,36,8
1,6,2,12,2,1,1,0,36,5
0,33,2,9,2,1,0,2,36,8
0,23,2,7,2,1,0,2,36,8
1,48,2,65,1,0,3,3,36,8
1,0,2,14,1,1,2,0,36,8
0,28,2,7,2,1,0,2,36,8
0,18,2,11,1,1,0,2,36,8
0,34,2,8,2,1,0,2,36,8
1,33,2,86,0,0,0,3,36,2
0,39,2,14,2,1,0,2,36,8
0,41,2,7,2,1,0,2,27,8
1,20,0,7,2,1,0,2,36,8
1,36,2,120,0,0,3,3,36,2
0,16,2,7,2,1,0,2,36,8
1,51,2,77,0,0,1,3,36,4
0,30,0,39,0,1,0,2,36,8
0,30,1,7,2,0,0,1,36,8
0,18,1,24,2,1,1,2,36,8
0,32,2,8,2,1,0,2,36,8
0,24,2,9,2,1,0,2,36,8
0,48,2,7,2,1,0,2,36,8
0,57,2,10,1,0,0,3,26,5
0,41,0,7,2,1,0,2,36,8
1,54,2,23,1,0,4,3,36,8
0,18,2,7,2,1,0,2,36,8
0,39,1,7,2,1,0,2,36,6
1,5,2,12,2,0,0,1,36,8
0,26,1,7,2,1,0,2,36,8
1,43,2,211,0,0,1,3,36,2
1,13,0,7,2,0,0,1,36,8
1,17,2,57,0,0,1,3,36,2
0,29,2,30,0,1,0,2,36,4
0,28,2,23,2,1,3,2,34,8
0,25,2,7,2,1,0,2,28,8
0,25,2,7,2,1,0,2,36,8
1,18,2,7,2,0,0,1,36,8
0,8,1,29,2,1,5,0,36,8
1,1,2,20,2,1,3,0,7,8
0,46,0,79,0,1,0,2,14,2
0,37,1,7,2,1,0,2,36,8
0,16,2,26,1,1,0,2,36,8
0,33,2,69,2,0,10,1,7,8
0,37,0,30,0,1,0,2,14,8
0,25,2,7,2,1,0,2,36,8
0,39,2,13,1,1,0,2,36,8
1,49,2,25,0,0,0,2,36,4
1,31,2,8,2,0,0,3,36,8
0,30,0,7,2,1,0,2,36,8
0,30,2,24,2,0,2,3,36,8
0,34,2,13,1,1,0,2,36,8
1,31,2,26,1,0,2,3,7,8
1,11,2,120,0,1,3,0,36,2
1,0,0,8,2,1,1,0,36,8
1,27,2,6,2,1,0,2,36,8
0,31,2,7,2,1,0,2,36,8
0,39,2,0,0,1,0,2,36,1
0,18,2,7,2,0,0,1,36,8
0,39,2,13,1,1,0,2,36,8
1,33,2,53,0,0,1,3,36,5
0,26,2,7,2,1,0,2,36,8
0,39,2,24,2,1,0,2,1,8
0,35,2,10,1,1,0,2,36,8
0,6,2,31,2,0,6,1,36,8
0,30,2,8,2,1,0,2,36,8
0,37,2,0,0,1,0,2,36,2
0,23,2,7,2,0,0,1,31,8
0,31,0,37,1,1,2,2,22,8
0,43,2,6,2,1,0,2,6,8
0,10,2,27,2,1,5,0,36,8
1,52,2,93,0,0,2,3,36,2
1,27,2,8,2,1,0,2,36,8
0,38,2,0,0,1,0,2,36,8
1,27,2,12,2,0,1,3,36,5
0,2,2,39,2,1,5,0,36,8
0,35,1,6,2,1,0,2,36,8
0,23,2,56,2,1,0,2,36,8
1,1,0,37,1,1,2,0,22,8
1,32,1,7,2,1,0,2,36,8
1,62,2,80,0,0,0,3,36,2
1,15,0,14,2,0,1,3,36,8
1,0,2,18,1,1,2,0,36,8
0,25,0,7,2,1,0,2,36,8
0,23,2,7,2,1,0,2,36,8
0,18,2,8,2,1,0,2,36,8
1,39,0,83,0,0,2,1,14,5
0,21,2,8,2,1,0,2,36,8
0,15,2,8,2,1,0,2,36,8
1,32,2,56,2,1,0,2,36,8
1,26,0,29,0,1,0,2,36,3
0,20,2,7,2,1,0,2,27,8
0,16,2,10,1,1,0,2,26,8
1,30,0,31,0,0,0,1,36,8
0,34,0,6,2,1,0,2,36,8
0,17,2,8,2,1,0,2,36,8
0,42,2,7,2,1,0,2,7,8
0,18,2,69,2,1,10,2,7,8
0,35,0,7,2,1,0,2,36,8
0,28,2,33,1,1,1,2,36,8
1,16,0,89,0,0,1,3,36,3
0,4,2,31,2,1,6,0,36,8
0,74,2,7,2,1,0,2,36,8
0,9,0,15,2,0,2,1,36,8
1,16,2,39,0,0,1,1,14,4
0,44,2,26,1,0,1,3,36,8
1,18,2,9,2,0,1,3,36,8
1,45,2,164,0,0,2,3,36,8
1,51,2,26,0,1,0,2,36,5
1,24,0,19,2,0,3,3,36,8
0,31,0,7,2,1,0,2,36,8
0,41,2,14,2,1,2,2,36,8
0,21,2,11,1,1,1,2,36,8
1,48,2,25,0,0,0,3,36,4
0,32,2,69,2,0,10,1,7,8
0,24,2,13,1,1,0,2,36,8
1,42,2,13,1,0,0,3,36,8
1,27,0,13,1,0,1,1,22,8
0,31,2,50,0,1,0,2,14,1
0,30,2,9,2,1,0,2,36,8
1,4,2,11,2,1,2,0,36,8
0,26,2,7,2,1,0,2,36,8
1,47,2,52,0,0,2,3,36,4
0,33,2,5,0,1,0,2,36,2
0,47,2,9,2,1,0,2,36,8
1,28,0,24,1,0,1,3,16,8
1,15,0,7,2,0,0,1,36,8
0,20,2,9,2,1,0,2,36,8
0,19,2,7,2,1,0,2,36,8
0,36,2,7,2,1,0,2,36,8
1,56,0,83,0,0,1,3,36,3
1,25,2,26,1,0,1,3,36,8
0,33,2,7,2,1,0,2,36,8
0,22,2,10,2,0,0,1,36,8
0,28,2,10,1,1,0,2,8,8
0,25,2,7,2,1,0,2,28,8
0,39,1,29,2,0,5,3,36,8
0,27,2,13,1,1,0,2,36,8
1,19,2,30,0,0,0,1,36,2
0,39,2,23,2,0,3,1,34,8
1,26,0,30,0,1,0,2,36,3
0,32,1,7,2,1,0,2,36,8
